Commune,Niveau,Détails
Afa (20167),Alerte renforcée,zone : Zone nord (eaux superficielles)<br>arrêté valable du 19/07/2022 au 31/10/2022
"Ajaccio (20167, 20000, 20090)",Alerte renforcée,zone : Zone nord (eaux superficielles)<br>arrêté valable du 19/07/2022 au 31/10/2022
Alata (20167),Alerte renforcée,zone : Zone nord (eaux superficielles)<br>arrêté valable du 19/07/2022 au 31/10/2022
"Albitreccia (20128, 20166)",Alerte renforcée,zone : Zone nord (eaux superficielles)<br>arrêté valable du 19/07/2022 au 31/10/2022
Altagène (20112),Alerte renforcée,zone : Zone nord (eaux superficielles)<br>arrêté valable du 19/07/2022 au 31/10/2022
Ambiegna (20151),Alerte renforcée,zone : Zone nord (eaux superficielles)<br>arrêté valable du 19/07/2022 au 31/10/2022
Appietto (20167),Alerte renforcée,zone : Zone nord (eaux superficielles)<br>arrêté valable du 19/07/2022 au 31/10/2022
Arbellara (20110),Alerte renforcée,zone : Zone nord (eaux superficielles)<br>arrêté valable du 19/07/2022 au 31/10/2022
Arbori (20160),Alerte renforcée,zone : Zone nord (eaux superficielles)<br>arrêté valable du 19/07/2022 au 31/10/2022
Argiusta-Moriccio (20140),Alerte renforcée,zone : Zone nord (eaux superficielles)<br>arrêté valable du 19/07/2022 au 31/10/2022
Arro (20151),Alerte renforcée,zone : Zone nord (eaux superficielles)<br>arrêté valable du 19/07/2022 au 31/10/2022
Aullène (20116),Alerte renforcée,zone : Zone nord (eaux superficielles)<br>arrêté valable du 19/07/2022 au 31/10/2022
Azilone-Ampaza (20190),Alerte renforcée,zone : Zone nord (eaux superficielles)<br>arrêté valable du 19/07/2022 au 31/10/2022
Azzana (20121),Alerte renforcée,zone : Zone nord (eaux superficielles)<br>arrêté valable du 19/07/2022 au 31/10/2022
Balogna (20160),Alerte renforcée,zone : Zone nord (eaux superficielles)<br>arrêté valable du 19/07/2022 au 31/10/2022
Bastelica (20119),Alerte renforcée,zone : Zone nord (eaux superficielles)<br>arrêté valable du 19/07/2022 au 31/10/2022
Bastelicaccia (20129),Alerte renforcée,zone : Zone nord (eaux superficielles)<br>arrêté valable du 19/07/2022 au 31/10/2022
Belvédère-Campomoro (20110),Alerte renforcée,zone : Zone nord (eaux superficielles)<br>arrêté valable du 19/07/2022 au 31/10/2022
Bilia (20100),Alerte renforcée,zone : Zone nord (eaux superficielles)<br>arrêté valable du 19/07/2022 au 31/10/2022
Bocognano (20136),Alerte renforcée,zone : Zone nord (eaux superficielles)<br>arrêté valable du 19/07/2022 au 31/10/2022
Bonifacio (20169),Alerte renforcée,zone : Zone sud (eaux superficielles)<br>arrêté valable du 19/07/2022 au 31/10/2022
Calcatoggio (20111),Alerte renforcée,zone : Zone nord (eaux superficielles)<br>arrêté valable du 19/07/2022 au 31/10/2022
Campo (20142),Alerte renforcée,zone : Zone nord (eaux superficielles)<br>arrêté valable du 19/07/2022 au 31/10/2022
Cannelle (20151),Alerte renforcée,zone : Zone nord (eaux superficielles)<br>arrêté valable du 19/07/2022 au 31/10/2022
Carbini (20170),Alerte renforcée,zone : Zone nord (eaux superficielles)<br>arrêté valable du 19/07/2022 au 31/10/2022
Carbini (20170),Alerte renforcée,zone : Zone sud (eaux superficielles)<br>arrêté valable du 19/07/2022 au 31/10/2022
Carbuccia (20133),Alerte renforcée,zone : Zone nord (eaux superficielles)<br>arrêté valable du 19/07/2022 au 31/10/2022
Cardo-Torgia (20190),Alerte renforcée,zone : Zone nord (eaux superficielles)<br>arrêté valable du 19/07/2022 au 31/10/2022
Cargiaca (20164),Alerte renforcée,zone : Zone nord (eaux superficielles)<br>arrêté valable du 19/07/2022 au 31/10/2022
Cargèse (20130),Alerte renforcée,zone : Zone nord (eaux superficielles)<br>arrêté valable du 19/07/2022 au 31/10/2022
Casaglione (20111),Alerte renforcée,zone : Zone nord (eaux superficielles)<br>arrêté valable du 19/07/2022 au 31/10/2022
Casalabriva (20140),Alerte renforcée,zone : Zone nord (eaux superficielles)<br>arrêté valable du 19/07/2022 au 31/10/2022
Cauro (20117),Alerte renforcée,zone : Zone nord (eaux superficielles)<br>arrêté valable du 19/07/2022 au 31/10/2022
Ciamannacce (20134),Alerte renforcée,zone : Zone nord (eaux superficielles)<br>arrêté valable du 19/07/2022 au 31/10/2022
"Coggia (20118, 20160)",Alerte renforcée,zone : Zone nord (eaux superficielles)<br>arrêté valable du 19/07/2022 au 31/10/2022
"Cognocoli-Monticchi (20166, 20123)",Alerte renforcée,zone : Zone nord (eaux superficielles)<br>arrêté valable du 19/07/2022 au 31/10/2022
Conca (20135),Alerte renforcée,zone : Zone nord (eaux superficielles)<br>arrêté valable du 19/07/2022 au 31/10/2022
Corrano (20168),Alerte renforcée,zone : Zone nord (eaux superficielles)<br>arrêté valable du 19/07/2022 au 31/10/2022
Coti-Chiavari (20138),Alerte renforcée,zone : Zone nord (eaux superficielles)<br>arrêté valable du 19/07/2022 au 31/10/2022
Cozzano (20148),Alerte renforcée,zone : Zone nord (eaux superficielles)<br>arrêté valable du 19/07/2022 au 31/10/2022
Cristinacce (20126),Alerte renforcée,zone : Zone nord (eaux superficielles)<br>arrêté valable du 19/07/2022 au 31/10/2022
Cuttoli-Corticchiato (20167),Alerte renforcée,zone : Zone nord (eaux superficielles)<br>arrêté valable du 19/07/2022 au 31/10/2022
Eccica-Suarella (20117),Alerte renforcée,zone : Zone nord (eaux superficielles)<br>arrêté valable du 19/07/2022 au 31/10/2022
Figari (20114),Alerte renforcée,zone : Zone sud (eaux superficielles)<br>arrêté valable du 19/07/2022 au 31/10/2022
Foce (20100),Alerte renforcée,zone : Zone nord (eaux superficielles)<br>arrêté valable du 19/07/2022 au 31/10/2022
Forciolo (20190),Alerte renforcée,zone : Zone nord (eaux superficielles)<br>arrêté valable du 19/07/2022 au 31/10/2022
Fozzano (20143),Alerte renforcée,zone : Zone nord (eaux superficielles)<br>arrêté valable du 19/07/2022 au 31/10/2022
Frasseto (20157),Alerte renforcée,zone : Zone nord (eaux superficielles)<br>arrêté valable du 19/07/2022 au 31/10/2022
Giuncheto (20100),Alerte renforcée,zone : Zone nord (eaux superficielles)<br>arrêté valable du 19/07/2022 au 31/10/2022
Granace (20100),Alerte renforcée,zone : Zone nord (eaux superficielles)<br>arrêté valable du 19/07/2022 au 31/10/2022
Grossa (20100),Alerte renforcée,zone : Zone nord (eaux superficielles)<br>arrêté valable du 19/07/2022 au 31/10/2022
"Grosseto-Prugna (20128, 20166)",Alerte renforcée,zone : Zone nord (eaux superficielles)<br>arrêté valable du 19/07/2022 au 31/10/2022
Guagno (20160),Alerte renforcée,zone : Zone nord (eaux superficielles)<br>arrêté valable du 19/07/2022 au 31/10/2022
Guargualé (20128),Alerte renforcée,zone : Zone nord (eaux superficielles)<br>arrêté valable du 19/07/2022 au 31/10/2022
Guitera-les-Bains (20153),Alerte renforcée,zone : Zone nord (eaux superficielles)<br>arrêté valable du 19/07/2022 au 31/10/2022
Lecci (20137),Alerte renforcée,zone : Zone nord (eaux superficielles)<br>arrêté valable du 19/07/2022 au 31/10/2022
Lecci (20137),Alerte renforcée,zone : Zone sud (eaux superficielles)<br>arrêté valable du 19/07/2022 au 31/10/2022
Letia (20160),Alerte renforcée,zone : Zone nord (eaux superficielles)<br>arrêté valable du 19/07/2022 au 31/10/2022
Levie (20170),Alerte renforcée,zone : Zone nord (eaux superficielles)<br>arrêté valable du 19/07/2022 au 31/10/2022
Lopigna (20139),Alerte renforcée,zone : Zone nord (eaux superficielles)<br>arrêté valable du 19/07/2022 au 31/10/2022
Loreto-di-Tallano (20165),Alerte renforcée,zone : Zone nord (eaux superficielles)<br>arrêté valable du 19/07/2022 au 31/10/2022
Marignana (20141),Alerte renforcée,zone : Zone nord (eaux superficielles)<br>arrêté valable du 19/07/2022 au 31/10/2022
Mela (20112),Alerte renforcée,zone : Zone nord (eaux superficielles)<br>arrêté valable du 19/07/2022 au 31/10/2022
Moca-Croce (20140),Alerte renforcée,zone : Zone nord (eaux superficielles)<br>arrêté valable du 19/07/2022 au 31/10/2022
Monacia-d'Aullène (20171),Alerte renforcée,zone : Zone nord (eaux superficielles)<br>arrêté valable du 19/07/2022 au 31/10/2022
Monacia-d'Aullène (20171),Alerte renforcée,zone : Zone sud (eaux superficielles)<br>arrêté valable du 19/07/2022 au 31/10/2022
Murzo (20160),Alerte renforcée,zone : Zone nord (eaux superficielles)<br>arrêté valable du 19/07/2022 au 31/10/2022
Ocana (20117),Alerte renforcée,zone : Zone nord (eaux superficielles)<br>arrêté valable du 19/07/2022 au 31/10/2022
Olivese (20140),Alerte renforcée,zone : Zone nord (eaux superficielles)<br>arrêté valable du 19/07/2022 au 31/10/2022
Olmeto (20113),Alerte renforcée,zone : Zone nord (eaux superficielles)<br>arrêté valable du 19/07/2022 au 31/10/2022
Olmiccia (20112),Alerte renforcée,zone : Zone nord (eaux superficielles)<br>arrêté valable du 19/07/2022 au 31/10/2022
Orto (20125),Alerte renforcée,zone : Zone nord (eaux superficielles)<br>arrêté valable du 19/07/2022 au 31/10/2022
Osani (20147),Alerte renforcée,zone : Zone nord (eaux superficielles)<br>arrêté valable du 19/07/2022 au 31/10/2022
Ota (20150),Alerte renforcée,zone : Zone nord (eaux superficielles)<br>arrêté valable du 19/07/2022 au 31/10/2022
Palneca (20134),Alerte renforcée,zone : Zone nord (eaux superficielles)<br>arrêté valable du 19/07/2022 au 31/10/2022
Partinello (20147),Alerte renforcée,zone : Zone nord (eaux superficielles)<br>arrêté valable du 19/07/2022 au 31/10/2022
Pastricciola (20121),Alerte renforcée,zone : Zone nord (eaux superficielles)<br>arrêté valable du 19/07/2022 au 31/10/2022
Peri (20167),Alerte renforcée,zone : Zone nord (eaux superficielles)<br>arrêté valable du 19/07/2022 au 31/10/2022
Petreto-Bicchisano (20140),Alerte renforcée,zone : Zone nord (eaux superficielles)<br>arrêté valable du 19/07/2022 au 31/10/2022
Piana (20115),Alerte renforcée,zone : Zone nord (eaux superficielles)<br>arrêté valable du 19/07/2022 au 31/10/2022
Pianottoli-Caldarello (20131),Alerte renforcée,zone : Zone sud (eaux superficielles)<br>arrêté valable du 19/07/2022 au 31/10/2022
Pietrosella (20166),Alerte renforcée,zone : Zone nord (eaux superficielles)<br>arrêté valable du 19/07/2022 au 31/10/2022
Pila-Canale (20123),Alerte renforcée,zone : Zone nord (eaux superficielles)<br>arrêté valable du 19/07/2022 au 31/10/2022
"Poggiolo (20125, 20160)",Alerte renforcée,zone : Zone nord (eaux superficielles)<br>arrêté valable du 19/07/2022 au 31/10/2022
Porto-Vecchio (20137),Alerte renforcée,zone : Zone sud (eaux superficielles)<br>arrêté valable du 19/07/2022 au 31/10/2022
Propriano (20110),Alerte renforcée,zone : Zone nord (eaux superficielles)<br>arrêté valable du 19/07/2022 au 31/10/2022
Quasquara (20142),Alerte renforcée,zone : Zone nord (eaux superficielles)<br>arrêté valable du 19/07/2022 au 31/10/2022
Quenza (20122),Alerte renforcée,zone : Zone nord (eaux superficielles)<br>arrêté valable du 19/07/2022 au 31/10/2022
Renno (20160),Alerte renforcée,zone : Zone nord (eaux superficielles)<br>arrêté valable du 19/07/2022 au 31/10/2022
Rezza (20121),Alerte renforcée,zone : Zone nord (eaux superficielles)<br>arrêté valable du 19/07/2022 au 31/10/2022
Rosazia (20121),Alerte renforcée,zone : Zone nord (eaux superficielles)<br>arrêté valable du 19/07/2022 au 31/10/2022
Sainte-Lucie-de-Tallano (20112),Alerte renforcée,zone : Zone nord (eaux superficielles)<br>arrêté valable du 19/07/2022 au 31/10/2022
Salice (20121),Alerte renforcée,zone : Zone nord (eaux superficielles)<br>arrêté valable du 19/07/2022 au 31/10/2022
Sampolo (20134),Alerte renforcée,zone : Zone nord (eaux superficielles)<br>arrêté valable du 19/07/2022 au 31/10/2022
"San-Gavino-di-Carbini (20137, 20170)",Alerte renforcée,zone : Zone nord (eaux superficielles)<br>arrêté valable du 19/07/2022 au 31/10/2022
"San-Gavino-di-Carbini (20137, 20170)",Alerte renforcée,zone : Zone sud (eaux superficielles)<br>arrêté valable du 19/07/2022 au 31/10/2022
Sant'Andréa-d'Orcino (20151),Alerte renforcée,zone : Zone nord (eaux superficielles)<br>arrêté valable du 19/07/2022 au 31/10/2022
Santa-Maria-Figaniella (20143),Alerte renforcée,zone : Zone nord (eaux superficielles)<br>arrêté valable du 19/07/2022 au 31/10/2022
Santa-Maria-Siché (20190),Alerte renforcée,zone : Zone nord (eaux superficielles)<br>arrêté valable du 19/07/2022 au 31/10/2022
Sari-Solenzara (20145),Alerte renforcée,zone : Zone nord (eaux superficielles)<br>arrêté valable du 19/07/2022 au 31/10/2022
Sari-d'Orcino (20151),Alerte renforcée,zone : Zone nord (eaux superficielles)<br>arrêté valable du 19/07/2022 au 31/10/2022
Sarrola-Carcopino (20167),Alerte renforcée,zone : Zone nord (eaux superficielles)<br>arrêté valable du 19/07/2022 au 31/10/2022
Sartène (20100),Alerte renforcée,zone : Zone nord (eaux superficielles)<br>arrêté valable du 19/07/2022 au 31/10/2022
Serra-di-Ferro (20140),Alerte renforcée,zone : Zone nord (eaux superficielles)<br>arrêté valable du 19/07/2022 au 31/10/2022
Serra-di-Scopamène (20127),Alerte renforcée,zone : Zone nord (eaux superficielles)<br>arrêté valable du 19/07/2022 au 31/10/2022
Serriera (20147),Alerte renforcée,zone : Zone nord (eaux superficielles)<br>arrêté valable du 19/07/2022 au 31/10/2022
Soccia (20125),Alerte renforcée,zone : Zone nord (eaux superficielles)<br>arrêté valable du 19/07/2022 au 31/10/2022
Sollacaro (20140),Alerte renforcée,zone : Zone nord (eaux superficielles)<br>arrêté valable du 19/07/2022 au 31/10/2022
Sorbollano (20152),Alerte renforcée,zone : Zone nord (eaux superficielles)<br>arrêté valable du 19/07/2022 au 31/10/2022
Sotta (20146),Alerte renforcée,zone : Zone sud (eaux superficielles)<br>arrêté valable du 19/07/2022 au 31/10/2022
Tasso (20134),Alerte renforcée,zone : Zone nord (eaux superficielles)<br>arrêté valable du 19/07/2022 au 31/10/2022
Tavaco (20167),Alerte renforcée,zone : Zone nord (eaux superficielles)<br>arrêté valable du 19/07/2022 au 31/10/2022
Tavera (20163),Alerte renforcée,zone : Zone nord (eaux superficielles)<br>arrêté valable du 19/07/2022 au 31/10/2022
Tolla (20117),Alerte renforcée,zone : Zone nord (eaux superficielles)<br>arrêté valable du 19/07/2022 au 31/10/2022
Ucciani (20133),Alerte renforcée,zone : Zone nord (eaux superficielles)<br>arrêté valable du 19/07/2022 au 31/10/2022
Urbalacone (20128),Alerte renforcée,zone : Zone nord (eaux superficielles)<br>arrêté valable du 19/07/2022 au 31/10/2022
Valle-di-Mezzana (20167),Alerte renforcée,zone : Zone nord (eaux superficielles)<br>arrêté valable du 19/07/2022 au 31/10/2022
Vero (20172),Alerte renforcée,zone : Zone nord (eaux superficielles)<br>arrêté valable du 19/07/2022 au 31/10/2022
"Vico (20118, 20160)",Alerte renforcée,zone : Zone nord (eaux superficielles)<br>arrêté valable du 19/07/2022 au 31/10/2022
Viggianello (20110),Alerte renforcée,zone : Zone nord (eaux superficielles)<br>arrêté valable du 19/07/2022 au 31/10/2022
Villanova (20167),Alerte renforcée,zone : Zone nord (eaux superficielles)<br>arrêté valable du 19/07/2022 au 31/10/2022
Zicavo (20132),Alerte renforcée,zone : Zone nord (eaux superficielles)<br>arrêté valable du 19/07/2022 au 31/10/2022
Zigliara (20190),Alerte renforcée,zone : Zone nord (eaux superficielles)<br>arrêté valable du 19/07/2022 au 31/10/2022
"Zonza (20124, 20144)",Alerte renforcée,zone : Zone nord (eaux superficielles)<br>arrêté valable du 19/07/2022 au 31/10/2022
Zoza (20112),Alerte renforcée,zone : Zone nord (eaux superficielles)<br>arrêté valable du 19/07/2022 au 31/10/2022
Zérubia (20116),Alerte renforcée,zone : Zone nord (eaux superficielles)<br>arrêté valable du 19/07/2022 au 31/10/2022
Zévaco (20173),Alerte renforcée,zone : Zone nord (eaux superficielles)<br>arrêté valable du 19/07/2022 au 31/10/2022
Évisa (20126),Alerte renforcée,zone : Zone nord (eaux superficielles)<br>arrêté valable du 19/07/2022 au 31/10/2022
Aghione (20270),Alerte renforcée,zone : Plaine Orientale (eaux superficielles)<br>arrêté valable du 13/07/2022 au 31/10/2022
Aghione (20270),Vigilance,zone : zone non couverte par l'arrêté cadre (eaux souterraines)<br>arrêté valable du 13/07/2022 au 31/10/2022
Aiti (20244),Alerte renforcée,zone : Centre Corse (eaux superficielles)<br>arrêté valable du 13/07/2022 au 31/10/2022
Aiti (20244),Vigilance,zone : zone non couverte par l'arrêté cadre (eaux souterraines)<br>arrêté valable du 13/07/2022 au 31/10/2022
Alando (20212),Alerte renforcée,zone : Centre Corse (eaux superficielles)<br>arrêté valable du 13/07/2022 au 31/10/2022
Alando (20212),Vigilance,zone : zone non couverte par l'arrêté cadre (eaux souterraines)<br>arrêté valable du 13/07/2022 au 31/10/2022
Albertacce (20224),Alerte renforcée,zone : Centre Corse (eaux superficielles)<br>arrêté valable du 13/07/2022 au 31/10/2022
Albertacce (20224),Vigilance,zone : zone non couverte par l'arrêté cadre (eaux souterraines)<br>arrêté valable du 13/07/2022 au 31/10/2022
Algajola (20220),Alerte renforcée,zone : Balagne (eaux superficielles)<br>arrêté valable du 13/07/2022 au 31/10/2022
Algajola (20220),Vigilance,zone : zone non couverte par l'arrêté cadre (eaux souterraines)<br>arrêté valable du 13/07/2022 au 31/10/2022
Altiani (20251),Alerte renforcée,zone : Centre Corse (eaux superficielles)<br>arrêté valable du 13/07/2022 au 31/10/2022
Altiani (20251),Vigilance,zone : zone non couverte par l'arrêté cadre (eaux souterraines)<br>arrêté valable du 13/07/2022 au 31/10/2022
Alzi (20212),Alerte renforcée,zone : Centre Corse (eaux superficielles)<br>arrêté valable du 13/07/2022 au 31/10/2022
Alzi (20212),Vigilance,zone : zone non couverte par l'arrêté cadre (eaux souterraines)<br>arrêté valable du 13/07/2022 au 31/10/2022
Aléria (20270),Alerte renforcée,zone : Plaine Orientale (eaux superficielles)<br>arrêté valable du 13/07/2022 au 31/10/2022
Aléria (20270),Vigilance,zone : zone non couverte par l'arrêté cadre (eaux souterraines)<br>arrêté valable du 13/07/2022 au 31/10/2022
Ampriani (20272),Alerte renforcée,zone : Plaine Orientale (eaux superficielles)<br>arrêté valable du 13/07/2022 au 31/10/2022
Ampriani (20272),Vigilance,zone : zone non couverte par l'arrêté cadre (eaux souterraines)<br>arrêté valable du 13/07/2022 au 31/10/2022
Antisanti (20270),Alerte renforcée,zone : Plaine Orientale (eaux superficielles)<br>arrêté valable du 13/07/2022 au 31/10/2022
Antisanti (20270),Vigilance,zone : zone non couverte par l'arrêté cadre (eaux souterraines)<br>arrêté valable du 13/07/2022 au 31/10/2022
Aregno (20220),Alerte renforcée,zone : Balagne (eaux superficielles)<br>arrêté valable du 13/07/2022 au 31/10/2022
Aregno (20220),Vigilance,zone : zone non couverte par l'arrêté cadre (eaux souterraines)<br>arrêté valable du 13/07/2022 au 31/10/2022
Asco (20276),Alerte renforcée,zone : Centre Corse (eaux superficielles)<br>arrêté valable du 13/07/2022 au 31/10/2022
Asco (20276),Vigilance,zone : zone non couverte par l'arrêté cadre (eaux souterraines)<br>arrêté valable du 13/07/2022 au 31/10/2022
Avapessa (20225),Alerte renforcée,zone : Balagne (eaux superficielles)<br>arrêté valable du 13/07/2022 au 31/10/2022
Avapessa (20225),Vigilance,zone : zone non couverte par l'arrêté cadre (eaux souterraines)<br>arrêté valable du 13/07/2022 au 31/10/2022
Barbaggio (20253),Alerte renforcée,zone : Cap - Nebbio (eaux superficielles)<br>arrêté valable du 13/07/2022 au 31/10/2022
Barbaggio (20253),Alerte renforcée,zone : Plaine Orientale (eaux superficielles)<br>arrêté valable du 13/07/2022 au 31/10/2022
Barbaggio (20253),Vigilance,zone : zone non couverte par l'arrêté cadre (eaux souterraines)<br>arrêté valable du 13/07/2022 au 31/10/2022
Barrettali (20228),Alerte renforcée,zone : Cap - Nebbio (eaux superficielles)<br>arrêté valable du 13/07/2022 au 31/10/2022
Barrettali (20228),Vigilance,zone : zone non couverte par l'arrêté cadre (eaux souterraines)<br>arrêté valable du 13/07/2022 au 31/10/2022
"Bastia (20600, 20200)",Alerte renforcée,zone : Cap - Nebbio (eaux superficielles)<br>arrêté valable du 13/07/2022 au 31/10/2022
"Bastia (20600, 20200)",Alerte renforcée,zone : Plaine Orientale (eaux superficielles)<br>arrêté valable du 13/07/2022 au 31/10/2022
"Bastia (20600, 20200)",Vigilance,zone : zone non couverte par l'arrêté cadre (eaux souterraines)<br>arrêté valable du 13/07/2022 au 31/10/2022
Belgodère (20226),Alerte renforcée,zone : Balagne (eaux superficielles)<br>arrêté valable du 13/07/2022 au 31/10/2022
Belgodère (20226),Vigilance,zone : zone non couverte par l'arrêté cadre (eaux souterraines)<br>arrêté valable du 13/07/2022 au 31/10/2022
Bigorno (20252),Alerte renforcée,zone : Centre Corse (eaux superficielles)<br>arrêté valable du 13/07/2022 au 31/10/2022
Bigorno (20252),Vigilance,zone : zone non couverte par l'arrêté cadre (eaux souterraines)<br>arrêté valable du 13/07/2022 au 31/10/2022
Biguglia (20620),Alerte renforcée,zone : Plaine Orientale (eaux superficielles)<br>arrêté valable du 13/07/2022 au 31/10/2022
Biguglia (20620),Vigilance,zone : zone non couverte par l'arrêté cadre (eaux souterraines)<br>arrêté valable du 13/07/2022 au 31/10/2022
Bisinchi (20235),Alerte renforcée,zone : Centre Corse (eaux superficielles)<br>arrêté valable du 13/07/2022 au 31/10/2022
Bisinchi (20235),Vigilance,zone : zone non couverte par l'arrêté cadre (eaux souterraines)<br>arrêté valable du 13/07/2022 au 31/10/2022
Borgo (20290),Alerte renforcée,zone : Plaine Orientale (eaux superficielles)<br>arrêté valable du 13/07/2022 au 31/10/2022
Borgo (20290),Vigilance,zone : zone non couverte par l'arrêté cadre (eaux souterraines)<br>arrêté valable du 13/07/2022 au 31/10/2022
Brando (20222),Alerte renforcée,zone : Cap - Nebbio (eaux superficielles)<br>arrêté valable du 13/07/2022 au 31/10/2022
Brando (20222),Vigilance,zone : zone non couverte par l'arrêté cadre (eaux souterraines)<br>arrêté valable du 13/07/2022 au 31/10/2022
Bustanico (20212),Alerte renforcée,zone : Centre Corse (eaux superficielles)<br>arrêté valable du 13/07/2022 au 31/10/2022
Bustanico (20212),Vigilance,zone : zone non couverte par l'arrêté cadre (eaux souterraines)<br>arrêté valable du 13/07/2022 au 31/10/2022
Cagnano (20228),Alerte renforcée,zone : Cap - Nebbio (eaux superficielles)<br>arrêté valable du 13/07/2022 au 31/10/2022
Cagnano (20228),Vigilance,zone : zone non couverte par l'arrêté cadre (eaux souterraines)<br>arrêté valable du 13/07/2022 au 31/10/2022
Calacuccia (20224),Alerte renforcée,zone : Centre Corse (eaux superficielles)<br>arrêté valable du 13/07/2022 au 31/10/2022
Calacuccia (20224),Vigilance,zone : zone non couverte par l'arrêté cadre (eaux souterraines)<br>arrêté valable du 13/07/2022 au 31/10/2022
"Calenzana (20214, 20260)",Alerte renforcée,zone : Balagne (eaux superficielles)<br>arrêté valable du 13/07/2022 au 31/10/2022
"Calenzana (20214, 20260)",Vigilance,zone : zone non couverte par l'arrêté cadre (eaux souterraines)<br>arrêté valable du 13/07/2022 au 31/10/2022
Calvi (20260),Alerte renforcée,zone : Balagne (eaux superficielles)<br>arrêté valable du 13/07/2022 au 31/10/2022
Calvi (20260),Vigilance,zone : zone non couverte par l'arrêté cadre (eaux souterraines)<br>arrêté valable du 13/07/2022 au 31/10/2022
Cambia (20244),Alerte renforcée,zone : Centre Corse (eaux superficielles)<br>arrêté valable du 13/07/2022 au 31/10/2022
Cambia (20244),Vigilance,zone : zone non couverte par l'arrêté cadre (eaux souterraines)<br>arrêté valable du 13/07/2022 au 31/10/2022
Campana (20229),Alerte renforcée,zone : Plaine Orientale (eaux superficielles)<br>arrêté valable du 13/07/2022 au 31/10/2022
Campana (20229),Vigilance,zone : zone non couverte par l'arrêté cadre (eaux souterraines)<br>arrêté valable du 13/07/2022 au 31/10/2022
Campi (20270),Alerte renforcée,zone : Plaine Orientale (eaux superficielles)<br>arrêté valable du 13/07/2022 au 31/10/2022
Campi (20270),Vigilance,zone : zone non couverte par l'arrêté cadre (eaux souterraines)<br>arrêté valable du 13/07/2022 au 31/10/2022
Campile (20290),Alerte renforcée,zone : Centre Corse (eaux superficielles)<br>arrêté valable du 13/07/2022 au 31/10/2022
Campile (20290),Alerte renforcée,zone : Plaine Orientale (eaux superficielles)<br>arrêté valable du 13/07/2022 au 31/10/2022
Campile (20290),Vigilance,zone : zone non couverte par l'arrêté cadre (eaux souterraines)<br>arrêté valable du 13/07/2022 au 31/10/2022
Campitello (20252),Alerte renforcée,zone : Centre Corse (eaux superficielles)<br>arrêté valable du 13/07/2022 au 31/10/2022
Campitello (20252),Vigilance,zone : zone non couverte par l'arrêté cadre (eaux souterraines)<br>arrêté valable du 13/07/2022 au 31/10/2022
Canale-di-Verde (20230),Alerte renforcée,zone : Plaine Orientale (eaux superficielles)<br>arrêté valable du 13/07/2022 au 31/10/2022
Canale-di-Verde (20230),Vigilance,zone : zone non couverte par l'arrêté cadre (eaux souterraines)<br>arrêté valable du 13/07/2022 au 31/10/2022
Canari (20217),Alerte renforcée,zone : Cap - Nebbio (eaux superficielles)<br>arrêté valable du 13/07/2022 au 31/10/2022
Canari (20217),Vigilance,zone : zone non couverte par l'arrêté cadre (eaux souterraines)<br>arrêté valable du 13/07/2022 au 31/10/2022
Canavaggia (20235),Alerte renforcée,zone : Centre Corse (eaux superficielles)<br>arrêté valable du 13/07/2022 au 31/10/2022
Canavaggia (20235),Vigilance,zone : zone non couverte par l'arrêté cadre (eaux souterraines)<br>arrêté valable du 13/07/2022 au 31/10/2022
Carcheto-Brustico (20229),Alerte renforcée,zone : Plaine Orientale (eaux superficielles)<br>arrêté valable du 13/07/2022 au 31/10/2022
Carcheto-Brustico (20229),Vigilance,zone : zone non couverte par l'arrêté cadre (eaux souterraines)<br>arrêté valable du 13/07/2022 au 31/10/2022
Carpineto (20229),Alerte renforcée,zone : Plaine Orientale (eaux superficielles)<br>arrêté valable du 13/07/2022 au 31/10/2022
Carpineto (20229),Vigilance,zone : zone non couverte par l'arrêté cadre (eaux souterraines)<br>arrêté valable du 13/07/2022 au 31/10/2022
Carticasi (20244),Alerte renforcée,zone : Centre Corse (eaux superficielles)<br>arrêté valable du 13/07/2022 au 31/10/2022
Carticasi (20244),Vigilance,zone : zone non couverte par l'arrêté cadre (eaux souterraines)<br>arrêté valable du 13/07/2022 au 31/10/2022
Casabianca (20237),Alerte renforcée,zone : Plaine Orientale (eaux superficielles)<br>arrêté valable du 13/07/2022 au 31/10/2022
Casabianca (20237),Vigilance,zone : zone non couverte par l'arrêté cadre (eaux souterraines)<br>arrêté valable du 13/07/2022 au 31/10/2022
Casalta (20215),Alerte renforcée,zone : Plaine Orientale (eaux superficielles)<br>arrêté valable du 13/07/2022 au 31/10/2022
Casalta (20215),Vigilance,zone : zone non couverte par l'arrêté cadre (eaux souterraines)<br>arrêté valable du 13/07/2022 au 31/10/2022
Casamaccioli (20224),Alerte renforcée,zone : Centre Corse (eaux superficielles)<br>arrêté valable du 13/07/2022 au 31/10/2022
Casamaccioli (20224),Vigilance,zone : zone non couverte par l'arrêté cadre (eaux souterraines)<br>arrêté valable du 13/07/2022 au 31/10/2022
Casanova (20250),Alerte renforcée,zone : Centre Corse (eaux superficielles)<br>arrêté valable du 13/07/2022 au 31/10/2022
Casanova (20250),Vigilance,zone : zone non couverte par l'arrêté cadre (eaux souterraines)<br>arrêté valable du 13/07/2022 au 31/10/2022
Casevecchie (20270),Alerte renforcée,zone : Centre Corse (eaux superficielles)<br>arrêté valable du 13/07/2022 au 31/10/2022
Casevecchie (20270),Alerte renforcée,zone : Plaine Orientale (eaux superficielles)<br>arrêté valable du 13/07/2022 au 31/10/2022
Casevecchie (20270),Vigilance,zone : zone non couverte par l'arrêté cadre (eaux souterraines)<br>arrêté valable du 13/07/2022 au 31/10/2022
Castellare-di-Casinca (20213),Alerte renforcée,zone : Plaine Orientale (eaux superficielles)<br>arrêté valable du 13/07/2022 au 31/10/2022
Castellare-di-Casinca (20213),Vigilance,zone : zone non couverte par l'arrêté cadre (eaux souterraines)<br>arrêté valable du 13/07/2022 au 31/10/2022
Castellare-di-Mercurio (20212),Alerte renforcée,zone : Centre Corse (eaux superficielles)<br>arrêté valable du 13/07/2022 au 31/10/2022
Castellare-di-Mercurio (20212),Vigilance,zone : zone non couverte par l'arrêté cadre (eaux souterraines)<br>arrêté valable du 13/07/2022 au 31/10/2022
Castello-di-Rostino (20235),Alerte renforcée,zone : Centre Corse (eaux superficielles)<br>arrêté valable du 13/07/2022 au 31/10/2022
Castello-di-Rostino (20235),Vigilance,zone : zone non couverte par l'arrêté cadre (eaux souterraines)<br>arrêté valable du 13/07/2022 au 31/10/2022
Castifao (20218),Alerte renforcée,zone : Centre Corse (eaux superficielles)<br>arrêté valable du 13/07/2022 au 31/10/2022
Castifao (20218),Vigilance,zone : zone non couverte par l'arrêté cadre (eaux souterraines)<br>arrêté valable du 13/07/2022 au 31/10/2022
Castiglione (20218),Alerte renforcée,zone : Centre Corse (eaux superficielles)<br>arrêté valable du 13/07/2022 au 31/10/2022
Castiglione (20218),Vigilance,zone : zone non couverte par l'arrêté cadre (eaux souterraines)<br>arrêté valable du 13/07/2022 au 31/10/2022
Castineta (20218),Alerte renforcée,zone : Centre Corse (eaux superficielles)<br>arrêté valable du 13/07/2022 au 31/10/2022
Castineta (20218),Vigilance,zone : zone non couverte par l'arrêté cadre (eaux souterraines)<br>arrêté valable du 13/07/2022 au 31/10/2022
Castirla (20236),Alerte renforcée,zone : Centre Corse (eaux superficielles)<br>arrêté valable du 13/07/2022 au 31/10/2022
Castirla (20236),Vigilance,zone : zone non couverte par l'arrêté cadre (eaux souterraines)<br>arrêté valable du 13/07/2022 au 31/10/2022
Cateri (20225),Alerte renforcée,zone : Balagne (eaux superficielles)<br>arrêté valable du 13/07/2022 au 31/10/2022
Cateri (20225),Vigilance,zone : zone non couverte par l'arrêté cadre (eaux souterraines)<br>arrêté valable du 13/07/2022 au 31/10/2022
Centuri (20238),Alerte renforcée,zone : Cap - Nebbio (eaux superficielles)<br>arrêté valable du 13/07/2022 au 31/10/2022
Centuri (20238),Vigilance,zone : zone non couverte par l'arrêté cadre (eaux souterraines)<br>arrêté valable du 13/07/2022 au 31/10/2022
Cervione (20221),Alerte renforcée,zone : Plaine Orientale (eaux superficielles)<br>arrêté valable du 13/07/2022 au 31/10/2022
Cervione (20221),Vigilance,zone : zone non couverte par l'arrêté cadre (eaux souterraines)<br>arrêté valable du 13/07/2022 au 31/10/2022
Chiatra (20230),Alerte renforcée,zone : Plaine Orientale (eaux superficielles)<br>arrêté valable du 13/07/2022 au 31/10/2022
Chiatra (20230),Vigilance,zone : zone non couverte par l'arrêté cadre (eaux souterraines)<br>arrêté valable du 13/07/2022 au 31/10/2022
Chisa (20240),Alerte renforcée,zone : Plaine Orientale (eaux superficielles)<br>arrêté valable du 13/07/2022 au 31/10/2022
Chisa (20240),Vigilance,zone : zone non couverte par l'arrêté cadre (eaux souterraines)<br>arrêté valable du 13/07/2022 au 31/10/2022
"Corbara (20220, 20256)",Alerte renforcée,zone : Balagne (eaux superficielles)<br>arrêté valable du 13/07/2022 au 31/10/2022
"Corbara (20220, 20256)",Vigilance,zone : zone non couverte par l'arrêté cadre (eaux souterraines)<br>arrêté valable du 13/07/2022 au 31/10/2022
Corscia (20224),Alerte renforcée,zone : Centre Corse (eaux superficielles)<br>arrêté valable du 13/07/2022 au 31/10/2022
Corscia (20224),Vigilance,zone : zone non couverte par l'arrêté cadre (eaux souterraines)<br>arrêté valable du 13/07/2022 au 31/10/2022
Corte (20250),Alerte renforcée,zone : Centre Corse (eaux superficielles)<br>arrêté valable du 13/07/2022 au 31/10/2022
Corte (20250),Vigilance,zone : zone non couverte par l'arrêté cadre (eaux souterraines)<br>arrêté valable du 13/07/2022 au 31/10/2022
Costa (20226),Alerte renforcée,zone : Balagne (eaux superficielles)<br>arrêté valable du 13/07/2022 au 31/10/2022
Costa (20226),Vigilance,zone : zone non couverte par l'arrêté cadre (eaux souterraines)<br>arrêté valable du 13/07/2022 au 31/10/2022
Croce (20237),Alerte renforcée,zone : Plaine Orientale (eaux superficielles)<br>arrêté valable du 13/07/2022 au 31/10/2022
Croce (20237),Vigilance,zone : zone non couverte par l'arrêté cadre (eaux souterraines)<br>arrêté valable du 13/07/2022 au 31/10/2022
Crocicchia (20290),Alerte renforcée,zone : Centre Corse (eaux superficielles)<br>arrêté valable du 13/07/2022 au 31/10/2022
Crocicchia (20290),Alerte renforcée,zone : Plaine Orientale (eaux superficielles)<br>arrêté valable du 13/07/2022 au 31/10/2022
Crocicchia (20290),Vigilance,zone : zone non couverte par l'arrêté cadre (eaux souterraines)<br>arrêté valable du 13/07/2022 au 31/10/2022
Erbajolo (20212),Alerte renforcée,zone : Centre Corse (eaux superficielles)<br>arrêté valable du 13/07/2022 au 31/10/2022
Erbajolo (20212),Vigilance,zone : zone non couverte par l'arrêté cadre (eaux souterraines)<br>arrêté valable du 13/07/2022 au 31/10/2022
Ersa (20275),Alerte renforcée,zone : Cap - Nebbio (eaux superficielles)<br>arrêté valable du 13/07/2022 au 31/10/2022
Ersa (20275),Vigilance,zone : zone non couverte par l'arrêté cadre (eaux souterraines)<br>arrêté valable du 13/07/2022 au 31/10/2022
Farinole (20253),Alerte renforcée,zone : Cap - Nebbio (eaux superficielles)<br>arrêté valable du 13/07/2022 au 31/10/2022
Farinole (20253),Vigilance,zone : zone non couverte par l'arrêté cadre (eaux souterraines)<br>arrêté valable du 13/07/2022 au 31/10/2022
Favalello (20212),Alerte renforcée,zone : Centre Corse (eaux superficielles)<br>arrêté valable du 13/07/2022 au 31/10/2022
Favalello (20212),Vigilance,zone : zone non couverte par l'arrêté cadre (eaux souterraines)<br>arrêté valable du 13/07/2022 au 31/10/2022
Felce (20234),Alerte renforcée,zone : Plaine Orientale (eaux superficielles)<br>arrêté valable du 13/07/2022 au 31/10/2022
Felce (20234),Vigilance,zone : zone non couverte par l'arrêté cadre (eaux souterraines)<br>arrêté valable du 13/07/2022 au 31/10/2022
Feliceto (20225),Alerte renforcée,zone : Balagne (eaux superficielles)<br>arrêté valable du 13/07/2022 au 31/10/2022
Feliceto (20225),Vigilance,zone : zone non couverte par l'arrêté cadre (eaux souterraines)<br>arrêté valable du 13/07/2022 au 31/10/2022
Ficaja (20237),Alerte renforcée,zone : Plaine Orientale (eaux superficielles)<br>arrêté valable du 13/07/2022 au 31/10/2022
Ficaja (20237),Vigilance,zone : zone non couverte par l'arrêté cadre (eaux souterraines)<br>arrêté valable du 13/07/2022 au 31/10/2022
Focicchia (20212),Alerte renforcée,zone : Centre Corse (eaux superficielles)<br>arrêté valable du 13/07/2022 au 31/10/2022
Focicchia (20212),Vigilance,zone : zone non couverte par l'arrêté cadre (eaux souterraines)<br>arrêté valable du 13/07/2022 au 31/10/2022
Furiani (20600),Alerte renforcée,zone : Plaine Orientale (eaux superficielles)<br>arrêté valable du 13/07/2022 au 31/10/2022
Furiani (20600),Vigilance,zone : zone non couverte par l'arrêté cadre (eaux souterraines)<br>arrêté valable du 13/07/2022 au 31/10/2022
Galéria (20245),Alerte renforcée,zone : Balagne (eaux superficielles)<br>arrêté valable du 13/07/2022 au 31/10/2022
Galéria (20245),Vigilance,zone : zone non couverte par l'arrêté cadre (eaux souterraines)<br>arrêté valable du 13/07/2022 au 31/10/2022
Gavignano (20218),Alerte renforcée,zone : Centre Corse (eaux superficielles)<br>arrêté valable du 13/07/2022 au 31/10/2022
Gavignano (20218),Vigilance,zone : zone non couverte par l'arrêté cadre (eaux souterraines)<br>arrêté valable du 13/07/2022 au 31/10/2022
Ghisonaccia (20240),Alerte renforcée,zone : Plaine Orientale (eaux superficielles)<br>arrêté valable du 13/07/2022 au 31/10/2022
Ghisonaccia (20240),Vigilance,zone : zone non couverte par l'arrêté cadre (eaux souterraines)<br>arrêté valable du 13/07/2022 au 31/10/2022
Ghisoni (20227),Alerte renforcée,zone : Centre Corse (eaux superficielles)<br>arrêté valable du 13/07/2022 au 31/10/2022
Ghisoni (20227),Vigilance,zone : zone non couverte par l'arrêté cadre (eaux souterraines)<br>arrêté valable du 13/07/2022 au 31/10/2022
Giocatojo (20237),Alerte renforcée,zone : Plaine Orientale (eaux superficielles)<br>arrêté valable du 13/07/2022 au 31/10/2022
Giocatojo (20237),Vigilance,zone : zone non couverte par l'arrêté cadre (eaux souterraines)<br>arrêté valable du 13/07/2022 au 31/10/2022
Giuncaggio (20251),Alerte renforcée,zone : Plaine Orientale (eaux superficielles)<br>arrêté valable du 13/07/2022 au 31/10/2022
Giuncaggio (20251),Vigilance,zone : zone non couverte par l'arrêté cadre (eaux souterraines)<br>arrêté valable du 13/07/2022 au 31/10/2022
Isolaccio-di-Fiumorbo (20243),Alerte renforcée,zone : Plaine Orientale (eaux superficielles)<br>arrêté valable du 13/07/2022 au 31/10/2022
Isolaccio-di-Fiumorbo (20243),Vigilance,zone : zone non couverte par l'arrêté cadre (eaux souterraines)<br>arrêté valable du 13/07/2022 au 31/10/2022
L'Île-Rousse (20220),Alerte renforcée,zone : Balagne (eaux superficielles)<br>arrêté valable du 13/07/2022 au 31/10/2022
L'Île-Rousse (20220),Vigilance,zone : zone non couverte par l'arrêté cadre (eaux souterraines)<br>arrêté valable du 13/07/2022 au 31/10/2022
La Porta (20237),Alerte renforcée,zone : Plaine Orientale (eaux superficielles)<br>arrêté valable du 13/07/2022 au 31/10/2022
La Porta (20237),Vigilance,zone : zone non couverte par l'arrêté cadre (eaux souterraines)<br>arrêté valable du 13/07/2022 au 31/10/2022
Lama (20218),Alerte renforcée,zone : Balagne (eaux superficielles)<br>arrêté valable du 13/07/2022 au 31/10/2022
Lama (20218),Vigilance,zone : zone non couverte par l'arrêté cadre (eaux souterraines)<br>arrêté valable du 13/07/2022 au 31/10/2022
Lano (20244),Alerte renforcée,zone : Centre Corse (eaux superficielles)<br>arrêté valable du 13/07/2022 au 31/10/2022
Lano (20244),Vigilance,zone : zone non couverte par l'arrêté cadre (eaux souterraines)<br>arrêté valable du 13/07/2022 au 31/10/2022
Lavatoggio (20225),Alerte renforcée,zone : Balagne (eaux superficielles)<br>arrêté valable du 13/07/2022 au 31/10/2022
Lavatoggio (20225),Vigilance,zone : zone non couverte par l'arrêté cadre (eaux souterraines)<br>arrêté valable du 13/07/2022 au 31/10/2022
Lento (20252),Alerte renforcée,zone : Centre Corse (eaux superficielles)<br>arrêté valable du 13/07/2022 au 31/10/2022
Lento (20252),Vigilance,zone : zone non couverte par l'arrêté cadre (eaux souterraines)<br>arrêté valable du 13/07/2022 au 31/10/2022
Linguizzetta (20230),Alerte renforcée,zone : Plaine Orientale (eaux superficielles)<br>arrêté valable du 13/07/2022 au 31/10/2022
Linguizzetta (20230),Vigilance,zone : zone non couverte par l'arrêté cadre (eaux souterraines)<br>arrêté valable du 13/07/2022 au 31/10/2022
Loreto-di-Casinca (20215),Alerte renforcée,zone : Plaine Orientale (eaux superficielles)<br>arrêté valable du 13/07/2022 au 31/10/2022
Loreto-di-Casinca (20215),Vigilance,zone : zone non couverte par l'arrêté cadre (eaux souterraines)<br>arrêté valable du 13/07/2022 au 31/10/2022
Lozzi (20224),Alerte renforcée,zone : Centre Corse (eaux superficielles)<br>arrêté valable du 13/07/2022 au 31/10/2022
Lozzi (20224),Vigilance,zone : zone non couverte par l'arrêté cadre (eaux souterraines)<br>arrêté valable du 13/07/2022 au 31/10/2022
Lucciana (20290),Alerte renforcée,zone : Plaine Orientale (eaux superficielles)<br>arrêté valable du 13/07/2022 au 31/10/2022
Lucciana (20290),Vigilance,zone : zone non couverte par l'arrêté cadre (eaux souterraines)<br>arrêté valable du 13/07/2022 au 31/10/2022
Lugo-di-Nazza (20240),Alerte renforcée,zone : Plaine Orientale (eaux superficielles)<br>arrêté valable du 13/07/2022 au 31/10/2022
Lugo-di-Nazza (20240),Vigilance,zone : zone non couverte par l'arrêté cadre (eaux souterraines)<br>arrêté valable du 13/07/2022 au 31/10/2022
Lumio (20260),Alerte renforcée,zone : Balagne (eaux superficielles)<br>arrêté valable du 13/07/2022 au 31/10/2022
Lumio (20260),Vigilance,zone : zone non couverte par l'arrêté cadre (eaux souterraines)<br>arrêté valable du 13/07/2022 au 31/10/2022
Luri (20228),Alerte renforcée,zone : Cap - Nebbio (eaux superficielles)<br>arrêté valable du 13/07/2022 au 31/10/2022
Luri (20228),Vigilance,zone : zone non couverte par l'arrêté cadre (eaux souterraines)<br>arrêté valable du 13/07/2022 au 31/10/2022
Manso (20245),Alerte renforcée,zone : Balagne (eaux superficielles)<br>arrêté valable du 13/07/2022 au 31/10/2022
Manso (20245),Vigilance,zone : zone non couverte par l'arrêté cadre (eaux souterraines)<br>arrêté valable du 13/07/2022 au 31/10/2022
Matra (20270),Alerte renforcée,zone : Plaine Orientale (eaux superficielles)<br>arrêté valable du 13/07/2022 au 31/10/2022
Matra (20270),Vigilance,zone : zone non couverte par l'arrêté cadre (eaux souterraines)<br>arrêté valable du 13/07/2022 au 31/10/2022
Mausoléo (20259),Alerte renforcée,zone : Balagne (eaux superficielles)<br>arrêté valable du 13/07/2022 au 31/10/2022
Mausoléo (20259),Vigilance,zone : zone non couverte par l'arrêté cadre (eaux souterraines)<br>arrêté valable du 13/07/2022 au 31/10/2022
Mazzola (20212),Alerte renforcée,zone : Centre Corse (eaux superficielles)<br>arrêté valable du 13/07/2022 au 31/10/2022
Mazzola (20212),Alerte renforcée,zone : Plaine Orientale (eaux superficielles)<br>arrêté valable du 13/07/2022 au 31/10/2022
Mazzola (20212),Vigilance,zone : zone non couverte par l'arrêté cadre (eaux souterraines)<br>arrêté valable du 13/07/2022 au 31/10/2022
Meria (20287),Alerte renforcée,zone : Cap - Nebbio (eaux superficielles)<br>arrêté valable du 13/07/2022 au 31/10/2022
Meria (20287),Vigilance,zone : zone non couverte par l'arrêté cadre (eaux souterraines)<br>arrêté valable du 13/07/2022 au 31/10/2022
Moltifao (20218),Alerte renforcée,zone : Centre Corse (eaux superficielles)<br>arrêté valable du 13/07/2022 au 31/10/2022
Moltifao (20218),Vigilance,zone : zone non couverte par l'arrêté cadre (eaux souterraines)<br>arrêté valable du 13/07/2022 au 31/10/2022
Monacia-d'Orezza (20229),Alerte renforcée,zone : Plaine Orientale (eaux superficielles)<br>arrêté valable du 13/07/2022 au 31/10/2022
Monacia-d'Orezza (20229),Vigilance,zone : zone non couverte par l'arrêté cadre (eaux souterraines)<br>arrêté valable du 13/07/2022 au 31/10/2022
Moncale (20214),Alerte renforcée,zone : Balagne (eaux superficielles)<br>arrêté valable du 13/07/2022 au 31/10/2022
Moncale (20214),Vigilance,zone : zone non couverte par l'arrêté cadre (eaux souterraines)<br>arrêté valable du 13/07/2022 au 31/10/2022
Monte (20290),Alerte renforcée,zone : Plaine Orientale (eaux superficielles)<br>arrêté valable du 13/07/2022 au 31/10/2022
Monte (20290),Vigilance,zone : zone non couverte par l'arrêté cadre (eaux souterraines)<br>arrêté valable du 13/07/2022 au 31/10/2022
Montegrosso (20214),Alerte renforcée,zone : Balagne (eaux superficielles)<br>arrêté valable du 13/07/2022 au 31/10/2022
Montegrosso (20214),Vigilance,zone : zone non couverte par l'arrêté cadre (eaux souterraines)<br>arrêté valable du 13/07/2022 au 31/10/2022
Monticello (20220),Alerte renforcée,zone : Balagne (eaux superficielles)<br>arrêté valable du 13/07/2022 au 31/10/2022
Monticello (20220),Vigilance,zone : zone non couverte par l'arrêté cadre (eaux souterraines)<br>arrêté valable du 13/07/2022 au 31/10/2022
Morosaglia (20218),Alerte renforcée,zone : Centre Corse (eaux superficielles)<br>arrêté valable du 13/07/2022 au 31/10/2022
Morosaglia (20218),Vigilance,zone : zone non couverte par l'arrêté cadre (eaux souterraines)<br>arrêté valable du 13/07/2022 au 31/10/2022
Morsiglia (20238),Alerte renforcée,zone : Cap - Nebbio (eaux superficielles)<br>arrêté valable du 13/07/2022 au 31/10/2022
Morsiglia (20238),Vigilance,zone : zone non couverte par l'arrêté cadre (eaux souterraines)<br>arrêté valable du 13/07/2022 au 31/10/2022
Moïta (20270),Alerte renforcée,zone : Plaine Orientale (eaux superficielles)<br>arrêté valable du 13/07/2022 au 31/10/2022
Moïta (20270),Vigilance,zone : zone non couverte par l'arrêté cadre (eaux souterraines)<br>arrêté valable du 13/07/2022 au 31/10/2022
Muracciole (20219),Alerte renforcée,zone : Centre Corse (eaux superficielles)<br>arrêté valable du 13/07/2022 au 31/10/2022
Muracciole (20219),Vigilance,zone : zone non couverte par l'arrêté cadre (eaux souterraines)<br>arrêté valable du 13/07/2022 au 31/10/2022
Murato (20239),Alerte renforcée,zone : Cap - Nebbio (eaux superficielles)<br>arrêté valable du 13/07/2022 au 31/10/2022
Murato (20239),Vigilance,zone : zone non couverte par l'arrêté cadre (eaux souterraines)<br>arrêté valable du 13/07/2022 au 31/10/2022
Muro (20225),Alerte renforcée,zone : Balagne (eaux superficielles)<br>arrêté valable du 13/07/2022 au 31/10/2022
Muro (20225),Vigilance,zone : zone non couverte par l'arrêté cadre (eaux souterraines)<br>arrêté valable du 13/07/2022 au 31/10/2022
Nessa (20225),Alerte renforcée,zone : Balagne (eaux superficielles)<br>arrêté valable du 13/07/2022 au 31/10/2022
Nessa (20225),Vigilance,zone : zone non couverte par l'arrêté cadre (eaux souterraines)<br>arrêté valable du 13/07/2022 au 31/10/2022
Nocario (20229),Alerte renforcée,zone : Plaine Orientale (eaux superficielles)<br>arrêté valable du 13/07/2022 au 31/10/2022
Nocario (20229),Vigilance,zone : zone non couverte par l'arrêté cadre (eaux souterraines)<br>arrêté valable du 13/07/2022 au 31/10/2022
Noceta (20242),Alerte renforcée,zone : Centre Corse (eaux superficielles)<br>arrêté valable du 13/07/2022 au 31/10/2022
Noceta (20242),Vigilance,zone : zone non couverte par l'arrêté cadre (eaux souterraines)<br>arrêté valable du 13/07/2022 au 31/10/2022
Nonza (20217),Alerte renforcée,zone : Cap - Nebbio (eaux superficielles)<br>arrêté valable du 13/07/2022 au 31/10/2022
Nonza (20217),Vigilance,zone : zone non couverte par l'arrêté cadre (eaux souterraines)<br>arrêté valable du 13/07/2022 au 31/10/2022
Novale (20234),Alerte renforcée,zone : Plaine Orientale (eaux superficielles)<br>arrêté valable du 13/07/2022 au 31/10/2022
Novale (20234),Vigilance,zone : zone non couverte par l'arrêté cadre (eaux souterraines)<br>arrêté valable du 13/07/2022 au 31/10/2022
Novella (20226),Alerte renforcée,zone : Balagne (eaux superficielles)<br>arrêté valable du 13/07/2022 au 31/10/2022
Novella (20226),Vigilance,zone : zone non couverte par l'arrêté cadre (eaux souterraines)<br>arrêté valable du 13/07/2022 au 31/10/2022
Occhiatana (20226),Alerte renforcée,zone : Balagne (eaux superficielles)<br>arrêté valable du 13/07/2022 au 31/10/2022
Occhiatana (20226),Vigilance,zone : zone non couverte par l'arrêté cadre (eaux souterraines)<br>arrêté valable du 13/07/2022 au 31/10/2022
Ogliastro (20217),Alerte renforcée,zone : Cap - Nebbio (eaux superficielles)<br>arrêté valable du 13/07/2022 au 31/10/2022
Ogliastro (20217),Vigilance,zone : zone non couverte par l'arrêté cadre (eaux souterraines)<br>arrêté valable du 13/07/2022 au 31/10/2022
Olcani (20217),Alerte renforcée,zone : Cap - Nebbio (eaux superficielles)<br>arrêté valable du 13/07/2022 au 31/10/2022
Olcani (20217),Vigilance,zone : zone non couverte par l'arrêté cadre (eaux souterraines)<br>arrêté valable du 13/07/2022 au 31/10/2022
Oletta (20232),Alerte renforcée,zone : Cap - Nebbio (eaux superficielles)<br>arrêté valable du 13/07/2022 au 31/10/2022
Oletta (20232),Vigilance,zone : zone non couverte par l'arrêté cadre (eaux souterraines)<br>arrêté valable du 13/07/2022 au 31/10/2022
Olmeta-di-Capocorso (20217),Alerte renforcée,zone : Cap - Nebbio (eaux superficielles)<br>arrêté valable du 13/07/2022 au 31/10/2022
Olmeta-di-Capocorso (20217),Vigilance,zone : zone non couverte par l'arrêté cadre (eaux souterraines)<br>arrêté valable du 13/07/2022 au 31/10/2022
Olmeta-di-Tuda (20232),Alerte renforcée,zone : Cap - Nebbio (eaux superficielles)<br>arrêté valable du 13/07/2022 au 31/10/2022
Olmeta-di-Tuda (20232),Vigilance,zone : zone non couverte par l'arrêté cadre (eaux souterraines)<br>arrêté valable du 13/07/2022 au 31/10/2022
Olmi-Cappella (20259),Alerte renforcée,zone : Balagne (eaux superficielles)<br>arrêté valable du 13/07/2022 au 31/10/2022
Olmi-Cappella (20259),Alerte renforcée,zone : Centre Corse (eaux superficielles)<br>arrêté valable du 13/07/2022 au 31/10/2022
Olmi-Cappella (20259),Vigilance,zone : zone non couverte par l'arrêté cadre (eaux souterraines)<br>arrêté valable du 13/07/2022 au 31/10/2022
Olmo (20290),Alerte renforcée,zone : Plaine Orientale (eaux superficielles)<br>arrêté valable du 13/07/2022 au 31/10/2022
Olmo (20290),Vigilance,zone : zone non couverte par l'arrêté cadre (eaux souterraines)<br>arrêté valable du 13/07/2022 au 31/10/2022
Omessa (20236),Alerte renforcée,zone : Centre Corse (eaux superficielles)<br>arrêté valable du 13/07/2022 au 31/10/2022
Omessa (20236),Vigilance,zone : zone non couverte par l'arrêté cadre (eaux souterraines)<br>arrêté valable du 13/07/2022 au 31/10/2022
Ortale (20234),Alerte renforcée,zone : Plaine Orientale (eaux superficielles)<br>arrêté valable du 13/07/2022 au 31/10/2022
Ortale (20234),Vigilance,zone : zone non couverte par l'arrêté cadre (eaux souterraines)<br>arrêté valable du 13/07/2022 au 31/10/2022
Ortiporio (20290),Alerte renforcée,zone : Centre Corse (eaux superficielles)<br>arrêté valable du 13/07/2022 au 31/10/2022
Ortiporio (20290),Alerte renforcée,zone : Plaine Orientale (eaux superficielles)<br>arrêté valable du 13/07/2022 au 31/10/2022
Ortiporio (20290),Vigilance,zone : zone non couverte par l'arrêté cadre (eaux souterraines)<br>arrêté valable du 13/07/2022 au 31/10/2022
Palasca (20226),Alerte renforcée,zone : Balagne (eaux superficielles)<br>arrêté valable du 13/07/2022 au 31/10/2022
Palasca (20226),Vigilance,zone : zone non couverte par l'arrêté cadre (eaux souterraines)<br>arrêté valable du 13/07/2022 au 31/10/2022
"Pancheraccia (20270, 20251)",Alerte renforcée,zone : Plaine Orientale (eaux superficielles)<br>arrêté valable du 13/07/2022 au 31/10/2022
"Pancheraccia (20270, 20251)",Vigilance,zone : zone non couverte par l'arrêté cadre (eaux souterraines)<br>arrêté valable du 13/07/2022 au 31/10/2022
Parata (20229),Alerte renforcée,zone : Plaine Orientale (eaux superficielles)<br>arrêté valable du 13/07/2022 au 31/10/2022
Parata (20229),Vigilance,zone : zone non couverte par l'arrêté cadre (eaux souterraines)<br>arrêté valable du 13/07/2022 au 31/10/2022
Patrimonio (20253),Alerte renforcée,zone : Cap - Nebbio (eaux superficielles)<br>arrêté valable du 13/07/2022 au 31/10/2022
Patrimonio (20253),Vigilance,zone : zone non couverte par l'arrêté cadre (eaux souterraines)<br>arrêté valable du 13/07/2022 au 31/10/2022
Penta-Acquatella (20290),Alerte renforcée,zone : Plaine Orientale (eaux superficielles)<br>arrêté valable du 13/07/2022 au 31/10/2022
Penta-Acquatella (20290),Vigilance,zone : zone non couverte par l'arrêté cadre (eaux souterraines)<br>arrêté valable du 13/07/2022 au 31/10/2022
Penta-di-Casinca (20213),Alerte renforcée,zone : Plaine Orientale (eaux superficielles)<br>arrêté valable du 13/07/2022 au 31/10/2022
Penta-di-Casinca (20213),Vigilance,zone : zone non couverte par l'arrêté cadre (eaux souterraines)<br>arrêté valable du 13/07/2022 au 31/10/2022
Perelli (20234),Alerte renforcée,zone : Plaine Orientale (eaux superficielles)<br>arrêté valable du 13/07/2022 au 31/10/2022
Perelli (20234),Vigilance,zone : zone non couverte par l'arrêté cadre (eaux souterraines)<br>arrêté valable du 13/07/2022 au 31/10/2022
Pero-Casevecchie (20230),Alerte renforcée,zone : Plaine Orientale (eaux superficielles)<br>arrêté valable du 13/07/2022 au 31/10/2022
Pero-Casevecchie (20230),Vigilance,zone : zone non couverte par l'arrêté cadre (eaux souterraines)<br>arrêté valable du 13/07/2022 au 31/10/2022
Pianello (20272),Alerte renforcée,zone : Plaine Orientale (eaux superficielles)<br>arrêté valable du 13/07/2022 au 31/10/2022
Pianello (20272),Vigilance,zone : zone non couverte par l'arrêté cadre (eaux souterraines)<br>arrêté valable du 13/07/2022 au 31/10/2022
Piano (20215),Alerte renforcée,zone : Plaine Orientale (eaux superficielles)<br>arrêté valable du 13/07/2022 au 31/10/2022
Piano (20215),Vigilance,zone : zone non couverte par l'arrêté cadre (eaux souterraines)<br>arrêté valable du 13/07/2022 au 31/10/2022
Piazzali (20234),Alerte renforcée,zone : Plaine Orientale (eaux superficielles)<br>arrêté valable du 13/07/2022 au 31/10/2022
Piazzali (20234),Vigilance,zone : zone non couverte par l'arrêté cadre (eaux souterraines)<br>arrêté valable du 13/07/2022 au 31/10/2022
Piazzole (20229),Alerte renforcée,zone : Plaine Orientale (eaux superficielles)<br>arrêté valable du 13/07/2022 au 31/10/2022
Piazzole (20229),Vigilance,zone : zone non couverte par l'arrêté cadre (eaux souterraines)<br>arrêté valable du 13/07/2022 au 31/10/2022
Pie-d'Orezza (20229),Alerte renforcée,zone : Centre Corse (eaux superficielles)<br>arrêté valable du 13/07/2022 au 31/10/2022
Pie-d'Orezza (20229),Alerte renforcée,zone : Plaine Orientale (eaux superficielles)<br>arrêté valable du 13/07/2022 au 31/10/2022
Pie-d'Orezza (20229),Vigilance,zone : zone non couverte par l'arrêté cadre (eaux souterraines)<br>arrêté valable du 13/07/2022 au 31/10/2022
Piedicorte-di-Gaggio (20251),Alerte renforcée,zone : Centre Corse (eaux superficielles)<br>arrêté valable du 13/07/2022 au 31/10/2022
Piedicorte-di-Gaggio (20251),Vigilance,zone : zone non couverte par l'arrêté cadre (eaux souterraines)<br>arrêté valable du 13/07/2022 au 31/10/2022
Piedicroce (20229),Alerte renforcée,zone : Plaine Orientale (eaux superficielles)<br>arrêté valable du 13/07/2022 au 31/10/2022
Piedicroce (20229),Vigilance,zone : zone non couverte par l'arrêté cadre (eaux souterraines)<br>arrêté valable du 13/07/2022 au 31/10/2022
Piedigriggio (20218),Alerte renforcée,zone : Centre Corse (eaux superficielles)<br>arrêté valable du 13/07/2022 au 31/10/2022
Piedigriggio (20218),Vigilance,zone : zone non couverte par l'arrêté cadre (eaux souterraines)<br>arrêté valable du 13/07/2022 au 31/10/2022
Piedipartino (20229),Alerte renforcée,zone : Plaine Orientale (eaux superficielles)<br>arrêté valable du 13/07/2022 au 31/10/2022
Piedipartino (20229),Vigilance,zone : zone non couverte par l'arrêté cadre (eaux souterraines)<br>arrêté valable du 13/07/2022 au 31/10/2022
Pietra-di-Verde (20230),Alerte renforcée,zone : Plaine Orientale (eaux superficielles)<br>arrêté valable du 13/07/2022 au 31/10/2022
Pietra-di-Verde (20230),Vigilance,zone : zone non couverte par l'arrêté cadre (eaux souterraines)<br>arrêté valable du 13/07/2022 au 31/10/2022
Pietracorbara (20233),Alerte renforcée,zone : Cap - Nebbio (eaux superficielles)<br>arrêté valable du 13/07/2022 au 31/10/2022
Pietracorbara (20233),Vigilance,zone : zone non couverte par l'arrêté cadre (eaux souterraines)<br>arrêté valable du 13/07/2022 au 31/10/2022
Pietralba (20218),Alerte renforcée,zone : Balagne (eaux superficielles)<br>arrêté valable du 13/07/2022 au 31/10/2022
Pietralba (20218),Alerte renforcée,zone : Centre Corse (eaux superficielles)<br>arrêté valable du 13/07/2022 au 31/10/2022
Pietralba (20218),Vigilance,zone : zone non couverte par l'arrêté cadre (eaux souterraines)<br>arrêté valable du 13/07/2022 au 31/10/2022
Pietraserena (20251),Alerte renforcée,zone : Centre Corse (eaux superficielles)<br>arrêté valable du 13/07/2022 au 31/10/2022
Pietraserena (20251),Alerte renforcée,zone : Plaine Orientale (eaux superficielles)<br>arrêté valable du 13/07/2022 au 31/10/2022
Pietraserena (20251),Vigilance,zone : zone non couverte par l'arrêté cadre (eaux souterraines)<br>arrêté valable du 13/07/2022 au 31/10/2022
Pietricaggio (20234),Alerte renforcée,zone : Plaine Orientale (eaux superficielles)<br>arrêté valable du 13/07/2022 au 31/10/2022
Pietricaggio (20234),Vigilance,zone : zone non couverte par l'arrêté cadre (eaux souterraines)<br>arrêté valable du 13/07/2022 au 31/10/2022
Pietroso (20242),Alerte renforcée,zone : Centre Corse (eaux superficielles)<br>arrêté valable du 13/07/2022 au 31/10/2022
Pietroso (20242),Vigilance,zone : zone non couverte par l'arrêté cadre (eaux souterraines)<br>arrêté valable du 13/07/2022 au 31/10/2022
Pigna (20220),Alerte renforcée,zone : Balagne (eaux superficielles)<br>arrêté valable du 13/07/2022 au 31/10/2022
Pigna (20220),Vigilance,zone : zone non couverte par l'arrêté cadre (eaux souterraines)<br>arrêté valable du 13/07/2022 au 31/10/2022
Pino (20228),Alerte renforcée,zone : Cap - Nebbio (eaux superficielles)<br>arrêté valable du 13/07/2022 au 31/10/2022
Pino (20228),Vigilance,zone : zone non couverte par l'arrêté cadre (eaux souterraines)<br>arrêté valable du 13/07/2022 au 31/10/2022
Piobetta (20234),Alerte renforcée,zone : Plaine Orientale (eaux superficielles)<br>arrêté valable du 13/07/2022 au 31/10/2022
Piobetta (20234),Vigilance,zone : zone non couverte par l'arrêté cadre (eaux souterraines)<br>arrêté valable du 13/07/2022 au 31/10/2022
Pioggiola (20259),Alerte renforcée,zone : Balagne (eaux superficielles)<br>arrêté valable du 13/07/2022 au 31/10/2022
Pioggiola (20259),Vigilance,zone : zone non couverte par l'arrêté cadre (eaux souterraines)<br>arrêté valable du 13/07/2022 au 31/10/2022
Piève (20246),Alerte renforcée,zone : Cap - Nebbio (eaux superficielles)<br>arrêté valable du 13/07/2022 au 31/10/2022
Piève (20246),Alerte renforcée,zone : Centre Corse (eaux superficielles)<br>arrêté valable du 13/07/2022 au 31/10/2022
Piève (20246),Vigilance,zone : zone non couverte par l'arrêté cadre (eaux souterraines)<br>arrêté valable du 13/07/2022 au 31/10/2022
Poggio-Marinaccio (20237),Alerte renforcée,zone : Plaine Orientale (eaux superficielles)<br>arrêté valable du 13/07/2022 au 31/10/2022
Poggio-Marinaccio (20237),Vigilance,zone : zone non couverte par l'arrêté cadre (eaux souterraines)<br>arrêté valable du 13/07/2022 au 31/10/2022
Poggio-Mezzana (20230),Alerte renforcée,zone : Plaine Orientale (eaux superficielles)<br>arrêté valable du 13/07/2022 au 31/10/2022
Poggio-Mezzana (20230),Vigilance,zone : zone non couverte par l'arrêté cadre (eaux souterraines)<br>arrêté valable du 13/07/2022 au 31/10/2022
Poggio-d'Oletta (20232),Alerte renforcée,zone : Cap - Nebbio (eaux superficielles)<br>arrêté valable du 13/07/2022 au 31/10/2022
Poggio-d'Oletta (20232),Alerte renforcée,zone : Plaine Orientale (eaux superficielles)<br>arrêté valable du 13/07/2022 au 31/10/2022
Poggio-d'Oletta (20232),Vigilance,zone : zone non couverte par l'arrêté cadre (eaux souterraines)<br>arrêté valable du 13/07/2022 au 31/10/2022
Poggio-di-Nazza (20240),Alerte renforcée,zone : Plaine Orientale (eaux superficielles)<br>arrêté valable du 13/07/2022 au 31/10/2022
Poggio-di-Nazza (20240),Vigilance,zone : zone non couverte par l'arrêté cadre (eaux souterraines)<br>arrêté valable du 13/07/2022 au 31/10/2022
Poggio-di-Venaco (20250),Alerte renforcée,zone : Centre Corse (eaux superficielles)<br>arrêté valable du 13/07/2022 au 31/10/2022
Poggio-di-Venaco (20250),Vigilance,zone : zone non couverte par l'arrêté cadre (eaux souterraines)<br>arrêté valable du 13/07/2022 au 31/10/2022
Polveroso (20229),Alerte renforcée,zone : Plaine Orientale (eaux superficielles)<br>arrêté valable du 13/07/2022 au 31/10/2022
Polveroso (20229),Vigilance,zone : zone non couverte par l'arrêté cadre (eaux souterraines)<br>arrêté valable du 13/07/2022 au 31/10/2022
Popolasca (20218),Alerte renforcée,zone : Centre Corse (eaux superficielles)<br>arrêté valable du 13/07/2022 au 31/10/2022
Popolasca (20218),Vigilance,zone : zone non couverte par l'arrêté cadre (eaux souterraines)<br>arrêté valable du 13/07/2022 au 31/10/2022
Porri (20215),Alerte renforcée,zone : Plaine Orientale (eaux superficielles)<br>arrêté valable du 13/07/2022 au 31/10/2022
Porri (20215),Vigilance,zone : zone non couverte par l'arrêté cadre (eaux souterraines)<br>arrêté valable du 13/07/2022 au 31/10/2022
Prato-di-Giovellina (20218),Alerte renforcée,zone : Centre Corse (eaux superficielles)<br>arrêté valable du 13/07/2022 au 31/10/2022
Prato-di-Giovellina (20218),Vigilance,zone : zone non couverte par l'arrêté cadre (eaux souterraines)<br>arrêté valable du 13/07/2022 au 31/10/2022
Prunelli-di-Casacconi (20290),Alerte renforcée,zone : Centre Corse (eaux superficielles)<br>arrêté valable du 13/07/2022 au 31/10/2022
Prunelli-di-Casacconi (20290),Alerte renforcée,zone : Plaine Orientale (eaux superficielles)<br>arrêté valable du 13/07/2022 au 31/10/2022
Prunelli-di-Casacconi (20290),Vigilance,zone : zone non couverte par l'arrêté cadre (eaux souterraines)<br>arrêté valable du 13/07/2022 au 31/10/2022
Prunelli-di-Fiumorbo (20243),Alerte renforcée,zone : Plaine Orientale (eaux superficielles)<br>arrêté valable du 13/07/2022 au 31/10/2022
Prunelli-di-Fiumorbo (20243),Vigilance,zone : zone non couverte par l'arrêté cadre (eaux souterraines)<br>arrêté valable du 13/07/2022 au 31/10/2022
Pruno (20213),Alerte renforcée,zone : Plaine Orientale (eaux superficielles)<br>arrêté valable du 13/07/2022 au 31/10/2022
Pruno (20213),Vigilance,zone : zone non couverte par l'arrêté cadre (eaux souterraines)<br>arrêté valable du 13/07/2022 au 31/10/2022
Quercitello (20237),Alerte renforcée,zone : Centre Corse (eaux superficielles)<br>arrêté valable du 13/07/2022 au 31/10/2022
Quercitello (20237),Alerte renforcée,zone : Plaine Orientale (eaux superficielles)<br>arrêté valable du 13/07/2022 au 31/10/2022
Quercitello (20237),Vigilance,zone : zone non couverte par l'arrêté cadre (eaux souterraines)<br>arrêté valable du 13/07/2022 au 31/10/2022
Rapaggio (20229),Alerte renforcée,zone : Plaine Orientale (eaux superficielles)<br>arrêté valable du 13/07/2022 au 31/10/2022
Rapaggio (20229),Vigilance,zone : zone non couverte par l'arrêté cadre (eaux souterraines)<br>arrêté valable du 13/07/2022 au 31/10/2022
Rapale (20246),Alerte renforcée,zone : Cap - Nebbio (eaux superficielles)<br>arrêté valable du 13/07/2022 au 31/10/2022
Rapale (20246),Vigilance,zone : zone non couverte par l'arrêté cadre (eaux souterraines)<br>arrêté valable du 13/07/2022 au 31/10/2022
Riventosa (20250),Alerte renforcée,zone : Centre Corse (eaux superficielles)<br>arrêté valable du 13/07/2022 au 31/10/2022
Riventosa (20250),Vigilance,zone : zone non couverte par l'arrêté cadre (eaux souterraines)<br>arrêté valable du 13/07/2022 au 31/10/2022
"Rogliano (20247, 20248)",Alerte renforcée,zone : Cap - Nebbio (eaux superficielles)<br>arrêté valable du 13/07/2022 au 31/10/2022
"Rogliano (20247, 20248)",Vigilance,zone : zone non couverte par l'arrêté cadre (eaux souterraines)<br>arrêté valable du 13/07/2022 au 31/10/2022
Rospigliani (20242),Alerte renforcée,zone : Centre Corse (eaux superficielles)<br>arrêté valable du 13/07/2022 au 31/10/2022
Rospigliani (20242),Vigilance,zone : zone non couverte par l'arrêté cadre (eaux souterraines)<br>arrêté valable du 13/07/2022 au 31/10/2022
Rusio (20244),Alerte renforcée,zone : Centre Corse (eaux superficielles)<br>arrêté valable du 13/07/2022 au 31/10/2022
Rusio (20244),Vigilance,zone : zone non couverte par l'arrêté cadre (eaux souterraines)<br>arrêté valable du 13/07/2022 au 31/10/2022
Rutali (20239),Alerte renforcée,zone : Cap - Nebbio (eaux superficielles)<br>arrêté valable du 13/07/2022 au 31/10/2022
Rutali (20239),Alerte renforcée,zone : Plaine Orientale (eaux superficielles)<br>arrêté valable du 13/07/2022 au 31/10/2022
Rutali (20239),Vigilance,zone : zone non couverte par l'arrêté cadre (eaux souterraines)<br>arrêté valable du 13/07/2022 au 31/10/2022
Saint-Florent (20217),Alerte renforcée,zone : Cap - Nebbio (eaux superficielles)<br>arrêté valable du 13/07/2022 au 31/10/2022
Saint-Florent (20217),Vigilance,zone : zone non couverte par l'arrêté cadre (eaux souterraines)<br>arrêté valable du 13/07/2022 au 31/10/2022
Saliceto (20218),Alerte renforcée,zone : Centre Corse (eaux superficielles)<br>arrêté valable du 13/07/2022 au 31/10/2022
Saliceto (20218),Vigilance,zone : zone non couverte par l'arrêté cadre (eaux souterraines)<br>arrêté valable du 13/07/2022 au 31/10/2022
San-Damiano (20213),Alerte renforcée,zone : Plaine Orientale (eaux superficielles)<br>arrêté valable du 13/07/2022 au 31/10/2022
San-Damiano (20213),Vigilance,zone : zone non couverte par l'arrêté cadre (eaux souterraines)<br>arrêté valable du 13/07/2022 au 31/10/2022
San-Gavino-d'Ampugnani (20213),Alerte renforcée,zone : Plaine Orientale (eaux superficielles)<br>arrêté valable du 13/07/2022 au 31/10/2022
San-Gavino-d'Ampugnani (20213),Vigilance,zone : zone non couverte par l'arrêté cadre (eaux souterraines)<br>arrêté valable du 13/07/2022 au 31/10/2022
San-Gavino-di-Fiumorbo (20243),Alerte renforcée,zone : Plaine Orientale (eaux superficielles)<br>arrêté valable du 13/07/2022 au 31/10/2022
San-Gavino-di-Fiumorbo (20243),Vigilance,zone : zone non couverte par l'arrêté cadre (eaux souterraines)<br>arrêté valable du 13/07/2022 au 31/10/2022
San-Gavino-di-Tenda (20246),Alerte renforcée,zone : Cap - Nebbio (eaux superficielles)<br>arrêté valable du 13/07/2022 au 31/10/2022
San-Gavino-di-Tenda (20246),Vigilance,zone : zone non couverte par l'arrêté cadre (eaux souterraines)<br>arrêté valable du 13/07/2022 au 31/10/2022
San-Giovanni-di-Moriani (20230),Alerte renforcée,zone : Plaine Orientale (eaux superficielles)<br>arrêté valable du 13/07/2022 au 31/10/2022
San-Giovanni-di-Moriani (20230),Vigilance,zone : zone non couverte par l'arrêté cadre (eaux souterraines)<br>arrêté valable du 13/07/2022 au 31/10/2022
San-Giuliano (20230),Alerte renforcée,zone : Plaine Orientale (eaux superficielles)<br>arrêté valable du 13/07/2022 au 31/10/2022
San-Giuliano (20230),Vigilance,zone : zone non couverte par l'arrêté cadre (eaux souterraines)<br>arrêté valable du 13/07/2022 au 31/10/2022
San-Lorenzo (20244),Alerte renforcée,zone : Centre Corse (eaux superficielles)<br>arrêté valable du 13/07/2022 au 31/10/2022
San-Lorenzo (20244),Vigilance,zone : zone non couverte par l'arrêté cadre (eaux souterraines)<br>arrêté valable du 13/07/2022 au 31/10/2022
San-Martino-di-Lota (20200),Alerte renforcée,zone : Cap - Nebbio (eaux superficielles)<br>arrêté valable du 13/07/2022 au 31/10/2022
San-Martino-di-Lota (20200),Vigilance,zone : zone non couverte par l'arrêté cadre (eaux souterraines)<br>arrêté valable du 13/07/2022 au 31/10/2022
San-Nicolao (20230),Alerte renforcée,zone : Plaine Orientale (eaux superficielles)<br>arrêté valable du 13/07/2022 au 31/10/2022
San-Nicolao (20230),Vigilance,zone : zone non couverte par l'arrêté cadre (eaux souterraines)<br>arrêté valable du 13/07/2022 au 31/10/2022
Sant'Andréa-di-Bozio (20212),Alerte renforcée,zone : Centre Corse (eaux superficielles)<br>arrêté valable du 13/07/2022 au 31/10/2022
Sant'Andréa-di-Bozio (20212),Vigilance,zone : zone non couverte par l'arrêté cadre (eaux souterraines)<br>arrêté valable du 13/07/2022 au 31/10/2022
Sant'Andréa-di-Cotone (20221),Alerte renforcée,zone : Plaine Orientale (eaux superficielles)<br>arrêté valable du 13/07/2022 au 31/10/2022
Sant'Andréa-di-Cotone (20221),Vigilance,zone : zone non couverte par l'arrêté cadre (eaux souterraines)<br>arrêté valable du 13/07/2022 au 31/10/2022
Sant'Antonino (20220),Alerte renforcée,zone : Balagne (eaux superficielles)<br>arrêté valable du 13/07/2022 au 31/10/2022
Sant'Antonino (20220),Vigilance,zone : zone non couverte par l'arrêté cadre (eaux souterraines)<br>arrêté valable du 13/07/2022 au 31/10/2022
Santa-Lucia-di-Mercurio (20250),Alerte renforcée,zone : Centre Corse (eaux superficielles)<br>arrêté valable du 13/07/2022 au 31/10/2022
Santa-Lucia-di-Mercurio (20250),Vigilance,zone : zone non couverte par l'arrêté cadre (eaux souterraines)<br>arrêté valable du 13/07/2022 au 31/10/2022
Santa-Lucia-di-Moriani (20230),Alerte renforcée,zone : Plaine Orientale (eaux superficielles)<br>arrêté valable du 13/07/2022 au 31/10/2022
Santa-Lucia-di-Moriani (20230),Vigilance,zone : zone non couverte par l'arrêté cadre (eaux souterraines)<br>arrêté valable du 13/07/2022 au 31/10/2022
Santa-Maria-Poggio (20221),Alerte renforcée,zone : Plaine Orientale (eaux superficielles)<br>arrêté valable du 13/07/2022 au 31/10/2022
Santa-Maria-Poggio (20221),Vigilance,zone : zone non couverte par l'arrêté cadre (eaux souterraines)<br>arrêté valable du 13/07/2022 au 31/10/2022
Santa-Maria-di-Lota (20200),Alerte renforcée,zone : Cap - Nebbio (eaux superficielles)<br>arrêté valable du 13/07/2022 au 31/10/2022
Santa-Maria-di-Lota (20200),Vigilance,zone : zone non couverte par l'arrêté cadre (eaux souterraines)<br>arrêté valable du 13/07/2022 au 31/10/2022
Santa-Reparata-di-Balagna (20220),Alerte renforcée,zone : Balagne (eaux superficielles)<br>arrêté valable du 13/07/2022 au 31/10/2022
Santa-Reparata-di-Balagna (20220),Vigilance,zone : zone non couverte par l'arrêté cadre (eaux souterraines)<br>arrêté valable du 13/07/2022 au 31/10/2022
Santa-Reparata-di-Moriani (20230),Alerte renforcée,zone : Plaine Orientale (eaux superficielles)<br>arrêté valable du 13/07/2022 au 31/10/2022
Santa-Reparata-di-Moriani (20230),Vigilance,zone : zone non couverte par l'arrêté cadre (eaux souterraines)<br>arrêté valable du 13/07/2022 au 31/10/2022
"Santo-Pietro-di-Tenda (20246, 20217)",Alerte renforcée,zone : Cap - Nebbio (eaux superficielles)<br>arrêté valable du 13/07/2022 au 31/10/2022
"Santo-Pietro-di-Tenda (20246, 20217)",Vigilance,zone : zone non couverte par l'arrêté cadre (eaux souterraines)<br>arrêté valable du 13/07/2022 au 31/10/2022
Santo-Pietro-di-Venaco (20250),Alerte renforcée,zone : Centre Corse (eaux superficielles)<br>arrêté valable du 13/07/2022 au 31/10/2022
Santo-Pietro-di-Venaco (20250),Vigilance,zone : zone non couverte par l'arrêté cadre (eaux souterraines)<br>arrêté valable du 13/07/2022 au 31/10/2022
Scata (20213),Alerte renforcée,zone : Plaine Orientale (eaux superficielles)<br>arrêté valable du 13/07/2022 au 31/10/2022
Scata (20213),Vigilance,zone : zone non couverte par l'arrêté cadre (eaux souterraines)<br>arrêté valable du 13/07/2022 au 31/10/2022
Scolca (20290),Alerte renforcée,zone : Centre Corse (eaux superficielles)<br>arrêté valable du 13/07/2022 au 31/10/2022
Scolca (20290),Alerte renforcée,zone : Plaine Orientale (eaux superficielles)<br>arrêté valable du 13/07/2022 au 31/10/2022
Scolca (20290),Vigilance,zone : zone non couverte par l'arrêté cadre (eaux souterraines)<br>arrêté valable du 13/07/2022 au 31/10/2022
Sermano (20212),Alerte renforcée,zone : Centre Corse (eaux superficielles)<br>arrêté valable du 13/07/2022 au 31/10/2022
Sermano (20212),Vigilance,zone : zone non couverte par l'arrêté cadre (eaux souterraines)<br>arrêté valable du 13/07/2022 au 31/10/2022
Serra-di-Fiumorbo (20243),Alerte renforcée,zone : Plaine Orientale (eaux superficielles)<br>arrêté valable du 13/07/2022 au 31/10/2022
Serra-di-Fiumorbo (20243),Vigilance,zone : zone non couverte par l'arrêté cadre (eaux souterraines)<br>arrêté valable du 13/07/2022 au 31/10/2022
Silvareccio (20215),Alerte renforcée,zone : Plaine Orientale (eaux superficielles)<br>arrêté valable du 13/07/2022 au 31/10/2022
Silvareccio (20215),Vigilance,zone : zone non couverte par l'arrêté cadre (eaux souterraines)<br>arrêté valable du 13/07/2022 au 31/10/2022
Sisco (20233),Alerte renforcée,zone : Cap - Nebbio (eaux superficielles)<br>arrêté valable du 13/07/2022 au 31/10/2022
Sisco (20233),Vigilance,zone : zone non couverte par l'arrêté cadre (eaux souterraines)<br>arrêté valable du 13/07/2022 au 31/10/2022
Solaro (20240),Alerte renforcée,zone : Plaine Orientale (eaux superficielles)<br>arrêté valable du 13/07/2022 au 31/10/2022
Solaro (20240),Vigilance,zone : zone non couverte par l'arrêté cadre (eaux souterraines)<br>arrêté valable du 13/07/2022 au 31/10/2022
Sorbo-Ocagnano (20213),Alerte renforcée,zone : Plaine Orientale (eaux superficielles)<br>arrêté valable du 13/07/2022 au 31/10/2022
Sorbo-Ocagnano (20213),Vigilance,zone : zone non couverte par l'arrêté cadre (eaux souterraines)<br>arrêté valable du 13/07/2022 au 31/10/2022
Sorio (20246),Alerte renforcée,zone : Cap - Nebbio (eaux superficielles)<br>arrêté valable du 13/07/2022 au 31/10/2022
Sorio (20246),Vigilance,zone : zone non couverte par l'arrêté cadre (eaux souterraines)<br>arrêté valable du 13/07/2022 au 31/10/2022
Soveria (20250),Alerte renforcée,zone : Centre Corse (eaux superficielles)<br>arrêté valable du 13/07/2022 au 31/10/2022
Soveria (20250),Vigilance,zone : zone non couverte par l'arrêté cadre (eaux souterraines)<br>arrêté valable du 13/07/2022 au 31/10/2022
Speloncato (20226),Alerte renforcée,zone : Balagne (eaux superficielles)<br>arrêté valable du 13/07/2022 au 31/10/2022
Speloncato (20226),Vigilance,zone : zone non couverte par l'arrêté cadre (eaux souterraines)<br>arrêté valable du 13/07/2022 au 31/10/2022
Stazzona (20229),Alerte renforcée,zone : Plaine Orientale (eaux superficielles)<br>arrêté valable du 13/07/2022 au 31/10/2022
Stazzona (20229),Vigilance,zone : zone non couverte par l'arrêté cadre (eaux souterraines)<br>arrêté valable du 13/07/2022 au 31/10/2022
Taglio-Isolaccio (20230),Alerte renforcée,zone : Plaine Orientale (eaux superficielles)<br>arrêté valable du 13/07/2022 au 31/10/2022
Taglio-Isolaccio (20230),Vigilance,zone : zone non couverte par l'arrêté cadre (eaux souterraines)<br>arrêté valable du 13/07/2022 au 31/10/2022
Talasani (20230),Alerte renforcée,zone : Plaine Orientale (eaux superficielles)<br>arrêté valable du 13/07/2022 au 31/10/2022
Talasani (20230),Vigilance,zone : zone non couverte par l'arrêté cadre (eaux souterraines)<br>arrêté valable du 13/07/2022 au 31/10/2022
Tallone (20270),Alerte renforcée,zone : Plaine Orientale (eaux superficielles)<br>arrêté valable du 13/07/2022 au 31/10/2022
Tallone (20270),Vigilance,zone : zone non couverte par l'arrêté cadre (eaux souterraines)<br>arrêté valable du 13/07/2022 au 31/10/2022
Tarrano (20234),Alerte renforcée,zone : Plaine Orientale (eaux superficielles)<br>arrêté valable du 13/07/2022 au 31/10/2022
Tarrano (20234),Vigilance,zone : zone non couverte par l'arrêté cadre (eaux souterraines)<br>arrêté valable du 13/07/2022 au 31/10/2022
Tomino (20248),Alerte renforcée,zone : Cap - Nebbio (eaux superficielles)<br>arrêté valable du 13/07/2022 au 31/10/2022
Tomino (20248),Vigilance,zone : zone non couverte par l'arrêté cadre (eaux souterraines)<br>arrêté valable du 13/07/2022 au 31/10/2022
Tox (20270),Alerte renforcée,zone : Plaine Orientale (eaux superficielles)<br>arrêté valable du 13/07/2022 au 31/10/2022
Tox (20270),Vigilance,zone : zone non couverte par l'arrêté cadre (eaux souterraines)<br>arrêté valable du 13/07/2022 au 31/10/2022
Tralonca (20250),Alerte renforcée,zone : Centre Corse (eaux superficielles)<br>arrêté valable du 13/07/2022 au 31/10/2022
Tralonca (20250),Vigilance,zone : zone non couverte par l'arrêté cadre (eaux souterraines)<br>arrêté valable du 13/07/2022 au 31/10/2022
Urtaca (20218),Alerte renforcée,zone : Balagne (eaux superficielles)<br>arrêté valable du 13/07/2022 au 31/10/2022
Urtaca (20218),Vigilance,zone : zone non couverte par l'arrêté cadre (eaux souterraines)<br>arrêté valable du 13/07/2022 au 31/10/2022
Valle-d'Alesani (20234),Alerte renforcée,zone : Plaine Orientale (eaux superficielles)<br>arrêté valable du 13/07/2022 au 31/10/2022
Valle-d'Alesani (20234),Vigilance,zone : zone non couverte par l'arrêté cadre (eaux souterraines)<br>arrêté valable du 13/07/2022 au 31/10/2022
Valle-d'Orezza (20229),Alerte renforcée,zone : Plaine Orientale (eaux superficielles)<br>arrêté valable du 13/07/2022 au 31/10/2022
Valle-d'Orezza (20229),Vigilance,zone : zone non couverte par l'arrêté cadre (eaux souterraines)<br>arrêté valable du 13/07/2022 au 31/10/2022
Valle-di-Campoloro (20221),Alerte renforcée,zone : Plaine Orientale (eaux superficielles)<br>arrêté valable du 13/07/2022 au 31/10/2022
Valle-di-Campoloro (20221),Vigilance,zone : zone non couverte par l'arrêté cadre (eaux souterraines)<br>arrêté valable du 13/07/2022 au 31/10/2022
Valle-di-Rostino (20235),Alerte renforcée,zone : Centre Corse (eaux superficielles)<br>arrêté valable du 13/07/2022 au 31/10/2022
Valle-di-Rostino (20235),Vigilance,zone : zone non couverte par l'arrêté cadre (eaux souterraines)<br>arrêté valable du 13/07/2022 au 31/10/2022
Vallecalle (20232),Alerte renforcée,zone : Cap - Nebbio (eaux superficielles)<br>arrêté valable du 13/07/2022 au 31/10/2022
Vallecalle (20232),Alerte renforcée,zone : Plaine Orientale (eaux superficielles)<br>arrêté valable du 13/07/2022 au 31/10/2022
Vallecalle (20232),Vigilance,zone : zone non couverte par l'arrêté cadre (eaux souterraines)<br>arrêté valable du 13/07/2022 au 31/10/2022
Vallica (20259),Alerte renforcée,zone : Centre Corse (eaux superficielles)<br>arrêté valable du 13/07/2022 au 31/10/2022
Vallica (20259),Vigilance,zone : zone non couverte par l'arrêté cadre (eaux souterraines)<br>arrêté valable du 13/07/2022 au 31/10/2022
Velone-Orneto (20230),Alerte renforcée,zone : Plaine Orientale (eaux superficielles)<br>arrêté valable du 13/07/2022 au 31/10/2022
Velone-Orneto (20230),Vigilance,zone : zone non couverte par l'arrêté cadre (eaux souterraines)<br>arrêté valable du 13/07/2022 au 31/10/2022
Venaco (20231),Alerte renforcée,zone : Centre Corse (eaux superficielles)<br>arrêté valable du 13/07/2022 au 31/10/2022
Venaco (20231),Vigilance,zone : zone non couverte par l'arrêté cadre (eaux souterraines)<br>arrêté valable du 13/07/2022 au 31/10/2022
Ventiseri (20240),Alerte renforcée,zone : Plaine Orientale (eaux superficielles)<br>arrêté valable du 13/07/2022 au 31/10/2022
Ventiseri (20240),Vigilance,zone : zone non couverte par l'arrêté cadre (eaux souterraines)<br>arrêté valable du 13/07/2022 au 31/10/2022
Venzolasca (20215),Alerte renforcée,zone : Plaine Orientale (eaux superficielles)<br>arrêté valable du 13/07/2022 au 31/10/2022
Venzolasca (20215),Vigilance,zone : zone non couverte par l'arrêté cadre (eaux souterraines)<br>arrêté valable du 13/07/2022 au 31/10/2022
Verdèse (20229),Alerte renforcée,zone : Plaine Orientale (eaux superficielles)<br>arrêté valable du 13/07/2022 au 31/10/2022
Verdèse (20229),Vigilance,zone : zone non couverte par l'arrêté cadre (eaux souterraines)<br>arrêté valable du 13/07/2022 au 31/10/2022
Vescovato (20215),Alerte renforcée,zone : Plaine Orientale (eaux superficielles)<br>arrêté valable du 13/07/2022 au 31/10/2022
Vescovato (20215),Vigilance,zone : zone non couverte par l'arrêté cadre (eaux souterraines)<br>arrêté valable du 13/07/2022 au 31/10/2022
Vezzani (20242),Alerte renforcée,zone : Centre Corse (eaux superficielles)<br>arrêté valable du 13/07/2022 au 31/10/2022
Vezzani (20242),Vigilance,zone : zone non couverte par l'arrêté cadre (eaux souterraines)<br>arrêté valable du 13/07/2022 au 31/10/2022
Vignale (20290),Alerte renforcée,zone : Plaine Orientale (eaux superficielles)<br>arrêté valable du 13/07/2022 au 31/10/2022
Vignale (20290),Vigilance,zone : zone non couverte par l'arrêté cadre (eaux souterraines)<br>arrêté valable du 13/07/2022 au 31/10/2022
Ville-di-Paraso (20279),Alerte renforcée,zone : Balagne (eaux superficielles)<br>arrêté valable du 13/07/2022 au 31/10/2022
Ville-di-Paraso (20279),Vigilance,zone : zone non couverte par l'arrêté cadre (eaux souterraines)<br>arrêté valable du 13/07/2022 au 31/10/2022
Ville-di-Pietrabugno (20200),Alerte renforcée,zone : Cap - Nebbio (eaux superficielles)<br>arrêté valable du 13/07/2022 au 31/10/2022
Ville-di-Pietrabugno (20200),Vigilance,zone : zone non couverte par l'arrêté cadre (eaux souterraines)<br>arrêté valable du 13/07/2022 au 31/10/2022
Vivario (20219),Alerte renforcée,zone : Centre Corse (eaux superficielles)<br>arrêté valable du 13/07/2022 au 31/10/2022
Vivario (20219),Vigilance,zone : zone non couverte par l'arrêté cadre (eaux souterraines)<br>arrêté valable du 13/07/2022 au 31/10/2022
Volpajola (20290),Alerte renforcée,zone : Centre Corse (eaux superficielles)<br>arrêté valable du 13/07/2022 au 31/10/2022
Volpajola (20290),Alerte renforcée,zone : Plaine Orientale (eaux superficielles)<br>arrêté valable du 13/07/2022 au 31/10/2022
Volpajola (20290),Vigilance,zone : zone non couverte par l'arrêté cadre (eaux souterraines)<br>arrêté valable du 13/07/2022 au 31/10/2022
Zalana (20272),Alerte renforcée,zone : Plaine Orientale (eaux superficielles)<br>arrêté valable du 13/07/2022 au 31/10/2022
Zalana (20272),Vigilance,zone : zone non couverte par l'arrêté cadre (eaux souterraines)<br>arrêté valable du 13/07/2022 au 31/10/2022
Zilia (20214),Alerte renforcée,zone : Balagne (eaux superficielles)<br>arrêté valable du 13/07/2022 au 31/10/2022
Zilia (20214),Vigilance,zone : zone non couverte par l'arrêté cadre (eaux souterraines)<br>arrêté valable du 13/07/2022 au 31/10/2022
Zuani (20272),Alerte renforcée,zone : Centre Corse (eaux superficielles)<br>arrêté valable du 13/07/2022 au 31/10/2022
Zuani (20272),Alerte renforcée,zone : Plaine Orientale (eaux superficielles)<br>arrêté valable du 13/07/2022 au 31/10/2022
Zuani (20272),Vigilance,zone : zone non couverte par l'arrêté cadre (eaux souterraines)<br>arrêté valable du 13/07/2022 au 31/10/2022
Érone (20244),Alerte renforcée,zone : Centre Corse (eaux superficielles)<br>arrêté valable du 13/07/2022 au 31/10/2022
Érone (20244),Vigilance,zone : zone non couverte par l'arrêté cadre (eaux souterraines)<br>arrêté valable du 13/07/2022 au 31/10/2022
